,Rank,Name,Worth,Rise/Fall,Source of wealth
1,1, Sir James Dyson and family ,16200000000.0,3600000000.0,Household goods and Technology
2,2, Sri and Gopi Hinduja and family ,16000000000.0,6000000000.0,Industry and Finance
3,3, David and Simon Reuben ,16000000000.0,2664000000.0,Property and Internet
4,4, Sir Leonard Blavatnik ,15781000000.0,1411000000.0,"Investment, Music and Media"
5,5, Sir Jim Ratcliffe ,12150000000.0,6000000000.0,Chemicals
6,6, Kirsten and Jorn Rausing ,12100000000.0,156000000.0,Inheritance and Investment
7,7, Alisher Usmanov ,11680000000.0,341000000.0,Mining and Investment
8,8," Guy, George and Galen Jr Weston and family ",10530000000.0,30000000.0,Retailing
9,9, Charlene de Carvalho-Heineken and Michel de Carvalho ,10300000000.0,1700000000.0,"Inheritance, Brewing and Banking"
10,10, The Duke of Westminster and the Grosvenor family ,10295000000.0,195000000.0,Property
11,11, Mikhail Fridman ,10234000000.0,666000000.0,Industry
12,12, Roman Abramovich ,10156000000.0,1065000000.0,Oil and Industry
13,13, Marit Rausing and family ,9590000000.0,16000000.0,Packaging
14,14, Ernesto and Kirsty Bertarelli ,9200000000.0,511000000.0,Pharmaceuticals
15,15, Anil Agarwal ,8500000000.0,2069999999.9999998,Mining
16,16," Denise, John and Peter Coates ",7166000000.0,310000000.0,Gambling
17,17, Sir David and Sir Frederick Barclay ,7000000000.0,1000000000.0,"Property, Media and Internet retailing"
18,18, Earl Cadogan and family ,6817000000.0,33000000.0,Property
19,19, Lakshmi Mittal and family ,6781000000.0,3888000000.0,Steel
20,20, John Fredriksen and family ,6625000000.0,918000000.0,Shipping and Oil services
21,21, François-Henri Pinault and Salma Hayek ,6592000000.0,250000000.0,Fashion and Films
22,22, John Grayken ,5691000000.0,628000000.0,Property and Investment
23,23, Nicky Oppenheimer and family ,5600000000.0,61000000.0,Diamonds and Mining
24,24, Michael Platt ,4859000000.0,1159000000.0,Hedge fund
25,25, Barnaby and Merlin Swire and family ,4800000000.0,280000000.0,"Industry, Transport and Property"
26,26,Anders Povlsen ,4730000000.0,New,Fashion
27,27, Lord Bamford and family ,4700000000.0,550000000.0,Construction equipment
28,28, Baroness Howard de Walden and family ,4316000000.0,126000000.0,Property
29,29, Stephen Rubin and family ,4224999999.9999995,1225000000.0,Sportswear
30,30, Andy Currie ,4099999999.9999995,2000000000.0,Chemicals
31,31, John Reece ,4099999999.9999995,2000000000.0,Chemicals
32,32, Tom Morris and family ,4099999999.9999995,510000000.0,Discount stores
33,33, Sir Henry Keswick and family ,4000000000.0,2350000000.0,"Property, Retailing and Hotels"
34,34, Joe Lewis ,3992000000.0,366000000.0,Foreign exchange and Investment
35,35, Leonie Schroder and family ,3977000000.0,42000000.0,Finance
36,36, Ian and Richard Livingstone ,3900000000.0,100000000.0,Property
37,37, Laurence and Francois Graff ,3785000000.0,223000000.0,Diamonds
38,38, Teddy Sagi ,3672000000.0,601000000.0,Software and Property
39,39, Nathan Kirsh ,3656000000.0,628000000.0,"Cash and carry, Property and Investment"
40,40, Sir Richard Branson and family ,3625000000.0,425000000.0,"Transport, Finance and Fitness clubs"
41,41, Eddie and Sol Zakay ,3610000000.0,10000000.0,Property
42,42, Sri Prakash Lohia ,3605000000.0,1797000000.0,Textiles and Plastics
43,43, Mohsin and Zuber Issa ,3560000000.0,2360000000.0,Fuel distribution
44,44, Mark Scheinberg ,3555000000.0,11000000.0,Gambling
45,45, Moshe Kantor ,3488000000.0,496000000.0,Chemicals
46,46, Carrie and Francois Perrodo and family ,3438000000.0,1129000000.0,"Oil, Gas and Wine"
47,47, Mark Pears and family ,3300000000.0,0,Property
48,48, Idan Ofer ,3219000000.0,285000000.0,Shipping and Industry
49,49, Glenn Gordon and family ,3186000000.0,304000000.0,Spirits
50,50, Sir Anwar Pervez and family ,3102000000.0,432000000.0,Cash and carry
51,51, Sir Michael Moritz and Harriet Heyman ,3047000000.0,47000000.0,Internet
52,52, Samuel Tak Lee and family ,2850000000.0,155000000.0,Property
53,53, Alan Parker ,2823000000.0,23000000.0,Duty-free shopping
54,54, Jaime Gilinski ,2656000000.0,537000000.0,Finance
55,55, Inna Gudavadze and family ,2650000000.0,2000000000.0,Inheritance
56,56, Bernie Ecclestone and family ,2500000000.0,0,Motor racing
57,57, Clive Calder ,2500000000.0,500000000.0,Music
58,58, Peter Hargreaves ,2400000000.0,646000000.0,Finance
59,59, Alki David and the Leventis family ,2350000000.0,250000000.0,Drinks and Media
60,60, Tony Murray and family ,2300000000.0,1060000000.0,"Plant hire, Property and Fire protection"
61,61, The Lazari family ,2234000000.0,180000000.0,Property
62,62, Johan Eliasch ,2200000000.0,100000000.0,Sports equipment
63,63, Robert Miller and Princess Marie-Chantal and family ,2150000000.0,50000000.0,"Duty-free shopping, Fashion and Finance"
64,64, Jean-Francois Decaux and family ,2123000000.0000002,1193000000.0,Media and Advertising
65,65," Simon, Bobby and Robin Arora ",2111000000.0000002,149000000.0,Discount stores
66,66, Benzion Freshwater and family ,2053999999.9999998,395000000.0,Property
67,67, Chris and Sarah Dawson ,2049999999.9999998,60000000.0,Discount stores
68,68, Viscount Portman and family ,2049999999.9999998,0,Property
69,69, Alejandro Santo Domingo and Lady Charlotte Wellesley ,2031000000.0000002,804000000.0,"Inheritance, Brewing and Investment"
70,70, Eddie and Malcolm Healey ,2000000000.0,352000000.0,Property and Kitchens
71,71, Nicholas Roditi and family ,2000000000.0,333000000.0,Investment
72,72, Richard Desmond ,2000000000.0,600000000.0,Media and Property
73,73, Sheikh Hamad bin Jassim Al Thani ,2000000000.0,0,Investment and Property
74,74, Wafic Said ,2000000000.0,0,Finance and Property
75,75, Mike Ashley ,1949000000.0,27000000.0,Sports equipment and Fashion
76,76, Philippe Foriel-Destezet ,1913000000.0,56000000.0,Recruitment
77,77, Bernard Lewis and family ,1900000000.0,334000000.0,Fashion and Property
78,78, Lord Paul and family ,1900000000.0,100000000.0,Industry
79,79, Farhad Moshiri ,1875000000.0,300000000.0,Investment and Football
80,80, John Bloor ,1867000000.0,45000000.0,Construction and Motorcycles
81,81, John Shaw and Kiran Mazumdar-Shaw ,1808000000.0,119000000.0,Pharmaceuticals
82,82, Douglas and Dame Mary Perkins and family ,1800000000.0,0,Opticians
83,83, John Christodoulou ,1800000000.0,200000000.0,Property
84,84, Navin and Varsha Engineer ,1800000000.0,100000000.0,Pharmaceuticals
85,85, Sir Stelios Haji-Ioannou and family ,1754000000.0,538000000.0,Aviation
86,86, Sir Ian Wood and family ,1700000000.0,63000000.0,Oil services and Fishing
87,87, Mohamed Al Fayed and family ,1675000000.0,25000000.0,Retailing
88,88, Mahdi al-Tajir ,1669000000.0,9000000.0,"Metals, Oil and Water"
89,89, Georg and Emily von Opel ,1654000000.0,0,Finance and Property
90,90, John Whittaker and family ,1600000000.0,350000000.0,Property
91,91, John Caudwell ,1566000000.0,10000000.0,Mobile phones
92,92, Thor Bjorgolfsson ,1563000000.0,91000000.0,Finance and Investment
93,93, Lord Choudrey and family ,1531000000.0,224000000.0,Cash and carry and Pharmacies
94,94, Adam Fleming and family ,1525000000.0,0,Finance
95,95, John Gore ,1500000000.0,0,Entertainment
96,96, Poju and Anita Zabludowicz ,1500000000.0,0,Property and Hotels
97,97, Sir Michael Hintze ,1500000000.0,0,Hedge fund
98,98, Jonas and Mathias Kamprad ,1479000000.0,283000000.0,Retailing
99,99, Will Adderley and family ,1469000000.0,49000000.0,Home furnishing
100,100, Mark Coombs ,1420000000.0,88000000.0,Finance
101,101, The Thomson family ,1407000000.0,6000000.0,Media
102,102, Niklas Zennstrom ,1397000000.0,340000000.0,Internet and Software
103,103, Tony Langley ,1395000000.0,50000000.0,Engineering
104,104, Henry Moser and family ,1382000000.0,154000000.0,Finance
105,105, Simon Nixon ,1350000000.0,15000000.0,Internet and Property
106,106, Steve Lansdown ,1350000000.0,370000000.0,Finance
107,107, Lady Ballyedmond and family ,1345000000.0,293000000.0,Pharmaceuticals
108,108, Christoph Henkel ,1336000000.0,116000000.0,Chemicals
109,109, Trond Mohn and Marit Mohn Westlake and family ,1325000000.0,277000000.0,Industry
110,110, Stefan Sten Olsson ,1314000000.0,360000000.0,Shipping
111,111, Geoffrey Warren ,1300000000.0,800000000.0,Car sales and Land
112,112, Jon Hunt ,1300000000.0,100000000.0,Estate agency and Property
113,113," Raj, Tony and Harpal Matharu and family ",1300000000.0,21000000.0,Property and Hotels
114,114, Sir Chris Hohn ,1300000000.0,100000000.0,Hedge fund
115,115, Surinder Arora and family ,1265000000.0,136000000.0,Hotels
116,116, Andrey Andreev ,1250000000.0,250000000.0,Internet
117,117, Martin Moller ,1250000000.0,150000000.0,Aviation
118,118, Sunil Vaswani and family ,1250000000.0,719000000.0,Transport and Food
119,119, Sir Cameron Mackintosh ,1240000000.0,40000000.0,Entertainment
120,120, Sir Terry Matthews ,1240000000.0,0,Computers
121,121, Lord Sugar ,1210000000.0,0,Property
122,122, Lord Grantchester and the Moores family ,1206000000.0,0,Retailing and Football pools
123,123, Alan Howard ,1200000000.0,160000000.0,Hedge fund
124,124, Elisabeth Murdoch ,1200000000.0,1044000000.0,Media
125,125, Fred and Peter Done ,1200000000.0,50000000.0,Gambling
126,126, Lord Ashcroft and family ,1200000000.0,80000000.0,Business services
127,127, Nadhmi Auchi ,1182000000.0,6000000.0,Finance
128,128, Mike Danson ,1170000000.0,374000000.0,Media
129,129, Henning Conle and family ,1168000000.0,16000000.0,Property
130,130, Martin Naughton and family ,1158000000.0,74000000.0,Household goods
131,131, Yelena Baturina ,1144000000.0,199000000.0,Construction
132,132, Lord Kirkham and family ,1140000000.0,10000000.0,Furniture and Investment
133,133, Philip Day ,1140000000.0,60000000.0,Fashion
134,134, Lady Philomena Clark and family ,1131000000.0,47000000.0,Car sales
135,135, David and Jack Sullivan and family ,1100000000.0,50000000.0,"Property, Football and Media"
136,136, Michael Spencer ,1100000000.0,50000000.0,Finance
137,137, Peter Jones and family ,1092000000.0,92000000.0,Property
138,138, Jim Mellon ,1050000000.0,50000000.0,Property and Finance
139,139, Tony Gallagher ,1050000000.0,50000000.0,Property
140,140, Tom Sandell ,1048000000.0,54000000.0,Finance
141,141, Lord Edmiston ,1046999999.9999999,13000000.0,Car sales and Property
142,142, Mahmud Kamani and family ,1030999999.9999999,132000000.0,Internet retailing
143,143, Trevor Hemmings ,1024999999.9999999,0,Property
144,144, Jasminder Singh and family ,1014999999.9999999,85000000.0,Hotels
145,145, Jim McColl ,1000000000.0,70000000.0,Engineering
146,146, Ursula Bechtolsheimer and family ,1000000000.0,0,Inheritance
147,147, Vladimir Makhlai ,1000000000.0,0,Industry
148,148, Urs Schwarzenbach ,976000000.0,76000000.0,Foreign exchange
149,149, Matt Moulding and family ,960000000.0,360000000.0,Internet retailing
150,150, Douw Steyn and family ,950000000.0,50000000.0,Insurance
151,151, Sir Dennis and Mireille Gillings ,933000000.0,266000000.0,Pharmaceuticals
152,152, Peter Harris and family ,932000000.0,33000000.0,Hotels and Caravan parks
153,153, Sir David McMurtry ,932000000.0,362000000.0,Engineering
154,154, Sir Philip and Lady Green ,930000000.0,20000000.0,Retailing
155,155, Paul Coulson and family ,924000000.0,42000000.0,Investment
156,156, Henri Beaufour ,921000000.0,1699000000.0,Pharmaceuticals
157,157, Manfred Gorvy and family ,918000000.0,35000000.0,Property and Food
158,158, The Earl of Iveagh and the Guinness family ,906000000.0,67000000.0,Brewing and Property
159,159, David Harding ,900000000.0,120000000.0,Hedge fund
160,160, Luke and Brian Comer ,900000000.0,20000000.0,Property
161,161, The Duke of Devonshire ,895000000.0,5000000.0,Land
162,162, Christina Ong and family ,878000000.0,172000000.0,Retailing and Hotels
163,163, Sir Roger and Peter De Haan ,876000000.0,8000000.0,Travel and Insurance
164,164, Peter and Anna Margaret Smedvig and family ,872000000.0,25000000.0,"Shipping, Oil and Gas services"
165,165, Ellis Short ,860000000.0,0,Finance
166,166, Henry Engelhardt and Diane Briere de l'Isle ,860000000.0,15000000.0,Insurance
167,167, Mo Ibrahim ,859000000.0,7000000.0,Mobile phones
168,168, Caspar MacDonald-Hall and family ,842000000.0,202000000.0,Property
169,169, David and Patricia Thompson ,837000000.0,37000000.0,Food and Horseracing
170,170, Crispin Odey and Nichola Pease ,825000000.0,50000000.0,Hedge fund
171,171, Richard Caring ,820000000.0,170000000.0,Restaurants and Property
172,172, Charles Cayzer and family ,819000000.0,198000000.0,Finance
173,173, Peter Green and family ,805000000.0,5000000.0,Mining and Inheritance
174,174, Bhikhu and Vijay Patel ,800000000.0,0,Pharmaceuticals
175,175, Chris Rokos ,800000000.0,25000000.0,Hedge fund
176,176, Lord Lloyd-Webber ,800000000.0,20000000.0,Entertainment
177,177, Sir Paul McCartney and Nancy Shevell ,800000000.0,50000000.0,Music and Transport
178,178, Joanne Rowling ,795000000.0,45000000.0,Novels and Films
179,179, Sir Peter Wood ,790000000.0,0,Insurance
180,180, Lord Laidlaw ,787000000.0,4000000.0,Conferences
181,181, Ruth Parasol and family ,780000000.0,0,Gambling
182,182, Prince Jonathan and Princess Gesine Doria Pamphilj ,775000000.0,0,Inheritance
183,183, Mark Dixon ,770000000.0,156000000.0,Serviced offices
184,184, Paul Sykes ,770000000.0,0,Property
185,185, Sir Peter Rigby ,770000000.0,110000000.0,"Computers, Aviation and Hotels"
186,186, James and John Martin and family ,753000000.0,32000000.0,Ejection seats
187,187, Steve Morgan ,751000000.0,199000000.0,Construction
188,188, Marcus Evans ,750000000.0,50000000.0,Business services
189,189, The Duke of Bedford ,750000000.0,10000000.0,Land and Art
190,190, Roy Richardson and family ,745000000.0,275000000.0,Property
191,191, Stephen Butt and family ,742000000.0,17000000.0,Finance
192,192, Viscount Rothermere and family ,738000000.0,182000000.0,Media
193,193, Freddie Linnett and the Murphy family ,731000000.0,18000000.0,Property
194,194, Fawn and India Rose James and family ,730000000.0,22000000.0,Property
195,195, Sir Brian Souter and Dame Ann Gloag ,730000000.0,145000000.0,Transport
196,196, Slavica Ecclestone ,730000000.0,0,Divorce
197,197, Andy Brown ,728000000.0,28000000.0,Finance
198,198, Peter Kelly ,728000000.0,300000000.0,Software
199,199, Chris Oglesby and family ,721000000.0,54000000.0,Property
200,200, Lord Vestey and family ,721000000.0,10000000.0,Meat
201,201, Sir Lloyd Dorfman and family ,720000000.0,0,Foreign exchange and Property
202,202, Yan Huo ,710000000.0,240000000.0,Hedge fund
203,203, Ian Taylor ,700000000.0,50000000.0,Commodities and Fashion
204,204, John Armitage ,700000000.0,100000000.0,Hedge fund
205,205, Lawrence and Gail Jones and family ,700000000.0,0,Internet
206,206, May Makhzoumi and family ,700000000.0,0,Industry
207,207, Sir Evelyn and Lady de Rothschild ,700000000.0,0,Finance and Media
208,208, Telis Mistakidis ,696000000.0,738000000.0,Commodities
209,209," Clinton, Spencer and John McCarthy ",681000000.0,31000000.0,Construction
210,210, Sir Charles Dunstone ,681000000.0,95000000.0,Mobile phones
211,211," Bill, Will and Richard Ainscough and family ",668000000.0,52000000.0,Property
212,212, Lance Uggla ,650000000.0,10000000.0,Finance
213,213, Lord Rothschild ,650000000.0,174000000.0,Finance
214,214, Robert Agostinelli ,650000000.0,45000000.0,Finance
215,215, The Sheppard family ,649000000.0,78000000.0,Scrap metal
216,216," Robert, Barry and Timothy Guest ",645000000.0,0,Building supplies
217,217, Helene and Marianne Odfjell and family ,643000000.0,100000000.0,Oil services
218,218, The Jatania brothers ,643000000.0,0,Toiletries and Property
219,219, David Ross ,642000000.0,26000000.0,Mobile phones and Property
220,220, The Gibbon family ,640000000.0,6000000.0,Property
221,221, Adrian Binks ,630000000.0,310000000.0,Business services
222,222, Ian Wace ,630000000.0,40000000.0,Hedge fund
223,223, Sir Paul Marshall ,630000000.0,40000000.0,Hedge fund
224,224, Ross Turner ,628000000.0,2000000.0,Hedge fund
225,225, Sir Tom Hunter ,625000000.0,18000000.0,Retailing and Property
226,226, Peter Cruddas and family ,623000000.0,114000000.0,Finance
227,227, David Wilson and family ,622000000.0,7000000.0,Construction
228,228, Gerald Ronson and family ,610000000.0,10000000.0,Property and Fuel distribution
229,229, Sir Martin Franklin ,610000000.0,40000000.0,Finance and Food
230,230, William Morrison and Eleanor Kernighan and family ,610000000.0,90000000.0,Supermarkets
231,231, Leo Noé and family ,606000000.0,6000000.0,Property
232,232, Mark Fenwick and family ,606000000.0,94000000.0,Department stores
233,233, David and Jonathan Rowland ,600000000.0,12000000.0,Finance
234,234, George and Constantine Logothetis and family ,600000000.0,60000000.0,"Shipping, Property and Aviation"
235,235, Michael Tabor ,600000000.0,26000000.0,Gambling
236,236, Paddy McNally ,600000000.0,0,Advertising and Hospitality
237,237, Sukhpal Singh Ahluwalia and family ,600000000.0,100000000.0,Car parts and Hotels
238,238, John Kirkland and family ,595000000.0,10000000.0,Construction
239,239, Ranjit and Baljinder Boparan ,593000000.0,47000000.0,Food
240,240, Andrew Brode ,585000000.0,25000000.0,Business services
241,241, Manny Davidson and family ,585000000.0,15000000.0,Property
242,242, The Duke of Sutherland ,585000000.0,0,Art and Land
243,243, Charles Gallagher and family ,581000000.0,75000000.0,Construction
244,244, Sten Mortstedt and family ,581000000.0,189000000.0,Property
245,245, Vladimir Kim ,579000000.0,219000000.0,Mining
246,246, Gary Klesch ,565000000.0,45000000.0,Industry and Investment
247,247, William Bollinger ,560000000.0,50000000.0,Hedge fund
248,248, The Warburton family ,559000000.0,9000000.0,Baking
249,249, David Gabbay and family ,551000000.0,0,Property
250,250, Eli Shahmoon and family ,551000000.0,0,Property
251,251, Aidan Brooks ,550000000.0,0,Property
252,252, Andrew Law ,550000000.0,65000000.0,Hedge fund
253,253, Derrick Smith ,550000000.0,18000000.0,Finance
254,254, John Hargreaves and family ,550000000.0,50000000.0,Fashion
255,255, Nicolai Tangen ,550000000.0,50000000.0,Hedge fund
256,256, Alex Beard ,547000000.0,384000000.0,Commodities
257,257, John Coulter and Ann Jones ,545000000.0,8000000.0,Jewellery and Property
258,258, Abdul Bhatti and family ,540000000.0,0,Cash and carry
259,259, Adalat and Arshad Chaudhary ,540000000.0,0,Cash and carry
260,260, Rick Smith and family ,538000000.0,23000000.0,Food distribution
261,261, Anthony Green and the Zochonis family ,536000000.0,31000000.0,Soap
262,262, Alastair and Michael Powell ,535000000.0,20000000.0,Cables and Property
263,263, Younus Sheikh and family ,532000000.0,77000000.0,Cash and carry
264,264, The Walker family ,530000000.0,0,"Aviation, Steel and Property"
265,265, Andrew Nisbet and family ,525000000.0,25000000.0,Catering equipment
266,266, Michael Shanly ,520000000.0,80000000.0,Construction
267,267, Mel Morris ,515000000.0,15000000.0,Games and Internet
268,268, Lord Sainsbury and family ,512000000.0,22000000.0,Supermarkets
269,269, Dan Craddock ,500000000.0,0,Technology and Finance
270,270, David Pearl ,500000000.0,44000000.0,Property
271,271, David Richwhite ,500000000.0,3000000.0,Finance
272,272, Mark Shuttleworth ,500000000.0,0,Internet
273,273, Michael Cornish and family ,500000000.0,0,Packaging
274,274, Philip Gabriel and family ,500000000.0,78000000.0,Property
275,275, The Clarke family ,500000000.0,0,Property
276,276, Tony Tabatznik and family ,500000000.0,0,Pharmaceuticals
277,277, Sir Jack Petchey ,493000000.0,7000000.0,Property
278,278, Peter Stephenson and family ,489000000.0,21000000.0,Marine services
279,279, Bhupendra Kansagra and family ,486000000.0,166000000.0,Industry and Aviation
280,280, Alastair Salvesen and family ,472000000.0,28000000.0,"Transport, Plant hire and Fisheries"
281,281, Mike Lynch ,469000000.0,0,Software
282,282,Rihanna ,468000000.0,New,Music and Fashion
283,283, Sir Lindsay Owen-Jones ,467000000.0,0,Beauty products
284,284, Alex Gerko ,464000000.0,216000000.0,Foreign exchange
285,285, Roderick Evans and family ,462000000.0,62000000.0,Property
286,286, Anthony Lyons ,460000000.0,0,Property
287,287," David, Jacqueline and Vanessa Gold ",460000000.0,10000000.0,"Lingerie, Property and Football"
288,288, Richard Harpin ,460000000.0,71000000.0,Insurance and Repair services
289,289, Will Roseff ,456000000.0,5000000.0,Gambling
290,290, Martin Hughes ,455000000.0,5000000.0,Hedge fund
291,291, Richard Koch ,455000000.0,0,Investment
292,292, Tim and Kit Kemp ,455000000.0,45000000.0,Hotels
293,293, Tom and Ruth Chapman ,455000000.0,0,Fashion
294,294, Charlotte Townshend ,454000000.0,2000000.0,Inheritance
295,295, Christopher Moran ,453000000.0,41000000.0,Finance and Property
296,296, Felix Grovit ,450000000.0,0,Foreign exchange
297,297, Kevin Lagan and family ,450000000.0,10000000.0,Construction
298,298, Meeta and Amit Patel ,450000000.0,0,Pharmaceuticals
299,299, Peter Jones ,450000000.0,40000000.0,Telecoms and Investment
300,300, Ron Dennis ,445000000.0,5000000.0,Motor racing
301,301, Simon Fuller ,445000000.0,10000000.0,Entertainment
302,302, The Duke of Northumberland ,445000000.0,26000000.0,Land and Art
303,303, The Gordon family ,445000000.0,155000000.0,Property
304,304, The Bruce-Jones family ,442000000.0,96000000.0,Timber
305,305, John Deer ,440000000.0,168000000.0,Engineering
306,306, Kathy and John Murphy and family ,440000000.0,14000000.0,Construction and Property
307,307, Endre Rosjo ,439000000.0,21000000.0,Investment
308,308, Sir Peter Ogden ,435000000.0,53000000.0,Computers
309,309, Dame Margaret and Helen Barbour and family ,430000000.0,35000000.0,Fashion
310,310, Mark Halstead and family ,430000000.0,50000000.0,Flooring
311,311, Stephen Vernon ,430000000.0,20000000.0,Property
312,312, Nick Wheeler and Chrissie Rucker ,427000000.0,25000000.0,Retailing
313,313, Terry Bramall and family ,425000000.0,0,Construction
314,314, Tony Buckingham ,425000000.0,0,Oil and Diamonds
315,315, Iris Gibbor and family ,422000000.0,0,Industry and Hotels
316,316, The Clark family ,419000000.0,65000000.0,Footwear
317,317, The Hoare family ,419000000.0,19000000.0,Finance
318,318, Apurv Bagri and family ,418000000.0,69000000.0,Metals
319,319, Stephen Conway and family ,413000000.0,75000000.0,Construction
320,320, Agust and Lydur Gudmundsson ,410000000.0,150000000.0,Food distribution
321,321, Andrey Borodin and Tatiana Korsakova ,410000000.0,0,Finance and Fashion
322,322, Kuljinder Bahia and family ,410000000.0,17000000.0,Travel
323,323, Leon Max ,410000000.0,0,Fashion
324,324, Riccardo Zacconi ,410000000.0,15000000.0,Games
325,325, Nigel Spokes and family ,407000000.0,92000000.0,Car hire
326,326, Robert and Patrick Wilson ,403000000.0,39000000.0,Complementary medicine
327,327, Tim Steiner and family ,403000000.0,35000000.0,Internet retailing
328,328, Kartar and Tej Lalvani ,401000000.0,11000000.0,Health supplements
329,329, Nick and Peter Gould ,401000000.0,1000000.0,Property
330,330, Declan Ganley ,400000000.0,0,Telecoms
331,331, Gordon Crawford ,400000000.0,0,Software
332,332, Guy and Alex Dellal and family ,400000000.0,8000000.0,Property
333,333, Mark Burnett and Roma Downey ,400000000.0,10000000.0,Television
334,334,The Ives family ,400000000.0,New,Steel and Property
335,335, Bill Holmes ,399000000.0,33000000.0,Financial services
336,336, Greg Nasmyth and family ,399000000.0,0,Business services
337,337, Sir Michael and Dermot Smurfit and family ,397000000.0,23000000.0,Packaging and Property
338,338, Christian Angermayer ,396000000.0,88000000.0,Finance
339,339, Robert Rayne and family ,394000000.0,19000000.0,Property
340,340, David Lewis and family ,390000000.0,0,Art and Property
341,341, Peter Wilkinson ,390000000.0,0,Internet
342,342, Simon Cowell ,390000000.0,5000000.0,Entertainment
343,343, Terence Mordaunt ,390000000.0,10000000.0,Docks
344,344, Vivian Imerman ,390000000.0,0,Spirits and Food
345,345, Kelly Choi and Jérôme Castaing ,389000000.0,82000000.0,Food
346,346, Jeremy Hosking ,385000000.0,10000000.0,Finance
347,347, Mike Gooley ,385000000.0,25000000.0,Travel
348,348, Ray O'Rourke and family ,380000000.0,43000000.0,Construction
349,349, Jack Tordoff and family ,376000000.0,24000000.0,Car sales
350,350, Michael and Xochi Birch ,375000000.0,0,Internet
351,351, Michael Oliver and family ,375000000.0,45000000.0,Engineering
352,352, Nick Capstick-Dale ,375000000.0,27000000.0,Property
353,353, Fakhruddin Suterwalla and family ,373000000.0,6000000.0,Food
354,354, David and Victoria Beckham and family ,370000000.0,15000000.0,Football and Fashion
355,355, The Shepherd family ,369000000.0,107000000.0,Construction
356,356, Thomas Hartland-Mackie and family ,369000000.0,0,Electrical goods
357,357, Andy Bell ,368000000.0,8000000.0,Finance
358,358, Morten Hoegh ,368000000.0,83000000.0,Shipping
359,359, William Parente and family ,365000000.0,8000000.0,Inheritance
360,360,Nicolas Roach ,364000000.0,New,Hotels and Property
361,361, Alisa Moussaieff and family ,363000000.0,13000000.0,Jewellery
362,362,Nikolay Storonsky ,363000000.0,New,Financial services
363,363, Gert-Rudolf and Corinne Flick ,360000000.0,0,Industry
364,364, Jonathan Hiscock ,360000000.0,10000000.0,Hedge fund
365,365, Sir Elton John ,360000000.0,40000000.0,Music
366,366, Sir Philip Hulme ,360000000.0,161000000.0,Computers
367,367, Sir James Wates and family ,357000000.0,57000000.0,Construction
368,368, Robin Faccenda and family ,356000000.0,6000000.0,Food
369,369, Mark Creasy ,355000000.0,32000000.0,Mining
370,370, Toto and Susie Wolff ,355000000.0,20000000.0,Motor sport and Motor racing
371,371, Mohammed Galadari ,352000000.0,10000000.0,Property and Hotels
372,372, Nick Leslau ,350000000.0,7000000.0,Property
373,373, Paul Day and family ,350000000.0,25000000.0,Logistics and Property
374,374, Peter Dawson and family ,350000000.0,33000000.0,Transport
375,375, Sir Martyn Arbib and family ,350000000.0,0,Finance
376,376, Steve Parkin ,350000000.0,20000000.0,Logistics
377,377, The Queen ,350000000.0,20000000.0,Head of state
378,378, Sir Rocco Forte and Olga Polizzi and family ,345000000.0,10000000.0,Hotels
379,379, The Marquess of Salisbury ,345000000.0,2000000.0,Property and Art
380,380, Christopher Mills ,342000000.0,30000000.0,Finance
381,381, Philip Meeson ,342000000.0,155000000.0,Aviation
382,382, Alfie Best ,341000000.0,56000000.0,Leisure
383,383, Emma Hindle and family ,341000000.0,11000000.0,Property
384,384, Masao Asai ,340000000.0,110000000.0,Hedge fund
385,385, John Duffield and family ,338000000.0,3000000.0,Finance
386,386, Jamie Cooper ,337000000.0,0,Divorce
387,387, Laurence Kirschel ,337000000.0,2000000.0,Property
388,388, Paul and Jeremy Eakin and family ,337000000.0,7000000.0,Medical supplies
389,389, Clive and Steve Boultbee Brooks and family ,336000000.0,17000000.0,Property
390,390, Colin Allen and family ,336000000.0,24000000.0,Caravan parks and Hotels
391,391, Bob Rose and family ,335000000.0,83000000.0,Property
392,392, Johnnie Boden and family ,335000000.0,45000000.0,Fashion and Mail order
393,393, Mark and Mo Constantine ,334000000.0,106000000.0,Cosmetics
394,394, Sir David Samworth and family ,334000000.0,206000000.0,Food
395,395, Robert Marshall and family ,331000000.0,105000000.0,Defence equipment and Car sales
396,396," Adam, Samuel and Jonathan Kaye and family ",330000000.0,5000000.0,Restaurants
397,397, Lord Alliance and family ,330000000.0,62000000.0,Mail order and Textiles
398,398,Daniel Levy and family ,329000000.0,New,Football
399,399, Ian MacKechnie and family ,325000000.0,57000000.0,Financial services
400,400, Jim and Fitri Hay ,325000000.0,0,Oil and Horseracing
401,401, Sir Angus and Flure Grossart and family ,325000000.0,121000000.0,Finance
402,402, Sir John and Peter Beckwith ,323000000.0,20000000.0,Property and Finance
403,403, Lord Iliffe and family ,322000000.0,15000000.0,Media and Property
404,404, Peter Lammer ,321000000.0,12000000.0,Software
405,405, Sharan Pasricha ,321000000.0,23000000.0,Hotels
406,406, Jan Hruska ,320000000.0,16000000.0,Software
407,407, Jason Bannister ,320000000.0,42000000.0,Furniture
408,408, Tony and Christina Quinn ,319000000.0,11000000.0,Pet food
409,409, Damien Hirst ,315000000.0,0,Art
410,410, Erik Penser ,315000000.0,2000000.0,Finance
411,411, Guillaume Fonkenell ,315000000.0,15000000.0,Hedge fund
412,412, Nigel Wray ,315000000.0,0,Property and Food
413,413, Hamid Guedroudj ,313000000.0,83000000.0,Software
414,414, John Guthrie and family ,313000000.0,3000000.0,Property
415,415, Paul Alexander and family ,312000000.0,53000000.0,Chemicals
416,416, Eric Gadsden ,311000000.0,22000000.0,Property
417,417, Tim Martin ,311000000.0,126000000.0,Hospitality
418,418, Jeremy Coller ,310000000.0,10000000.0,Finance
419,419, Mark Getty and family ,310000000.0,0,"Media, Oil and Inheritance"
420,420, Neil Ostrer ,310000000.0,20000000.0,Finance
421,421, Robert Earl ,310000000.0,0,Restaurants
422,422, Sam and Dan Houser ,310000000.0,10000000.0,Games
423,423, Tom Singh and family ,310000000.0,30000000.0,Fashion
424,424, William Arah ,310000000.0,20000000.0,Finance
425,425, Graham Tuckwell ,309000000.0,5000000.0,Finance
426,426, Lord and Lady Haughey and family ,309000000.0,8000000.0,Business services
427,427, Doug Gregory ,308000000.0,38000000.0,Furniture
428,428, The Oughtred family ,308000000.0,98000000.0,Food
429,429, Alan Gibbs ,304000000.0,3000000.0,Industry
430,430, Eliasz Englander and family ,304000000.0,6000000.0,Property
431,431, Greg Skinner ,304000000.0,152000000.0,Hedge fund
432,432, Martin Andersson ,304000000.0,48000000.0,Finance
433,433, Simon Borrows ,304000000.0,9000000.0,Finance
434,434, Suneil Setiya ,304000000.0,152000000.0,Finance
435,435, Sir Richard Sutton and family ,301000000.0,83000000.0,Land
436,436, Bernard Rees Smith ,300000000.0,35000000.0,Healthcare and Property
437,437, Duncan Bannatyne ,300000000.0,0,Fitness clubs and Hotels
438,438, Firoz Kassam ,300000000.0,5000000.0,Hotels and Property
439,439, James and Selina Hopkins ,300000000.0,7000000.0,Construction
440,440,Jeffrey Smith ,300000000.0,New,Property
441,441, John Charman ,300000000.0,0,Insurance
442,442, Lord Palumbo ,300000000.0,50000000.0,Entertainment
443,443, Robert Barnett and family ,300000000.0,38000000.0,Food distribution and Packaging
444,444, Sir Harry Djanogly and family ,300000000.0,0,Textiles
445,445, Sir Paul Ruddock ,300000000.0,5000000.0,Hedge fund
446,446, Terry Smith ,300000000.0,0,Finance
447,447, James Benamor ,299000000.0,501000000.0,Finance
448,448, Charles Rolls ,298000000.0,125000000.0,Drinks
449,449, Tony Pidgley ,295000000.0,40000000.0,Construction
450,450, Andrew Page ,293000000.0,120000000.0,Software
451,451, Andrew and Christina Brownsword ,290000000.0,7000000.0,Greetings cards and Hotels
452,452, Andrew Hill and family ,290000000.0,40000000.0,Construction
453,453, Jonathan Milner ,290000000.0,25000000.0,Biotechnology
454,454, Theo Paphitis ,290000000.0,11000000.0,Stationery and Lingerie
455,455, David Hood ,287000000.0,4000000.0,Electronics and Aviation
456,456, Alasdair Locke ,286000000.0,56000000.0,Oil services
457,457, Bruce Craig ,286000000.0,3000000.0,Pharmaceuticals
458,458, Alan Lewis ,285000000.0,9000000.0,Investment
459,459, Lord Zac and Lady Annabel Goldsmith and family ,285000000.0,1000000.0,Inheritance
460,460, Peter Davies ,285000000.0,5000000.0,Hedge fund
461,461, Sir Mick Jagger ,285000000.0,10000000.0,Music
462,462, Dean and Janet Hoyle ,284000000.0,1000000.0,Greetings cards
463,463, Hilton Nathanson ,281000000.0,15000000.0,Hedge fund
464,464, Tony Brotherton-Ratcliffe and Diana Jones and family ,281000000.0,21000000.0,Construction and Property
465,465, Ayman Asfari and family ,280000000.0,100000000.0,Oil services
466,466, Bart Becht ,280000000.0,0,Cleaning products
467,467, Charles Wilson ,280000000.0,0,Cash and carry
468,468, Greg Coffey ,280000000.0,7000000.0,Hedge fund
469,469, Lisa and Tony Wilkinson and family ,280000000.0,75000000.0,Retailing
470,470, John Jakes ,279000000.0,69000000.0,Lifts
471,471, David Clowes ,277000000.0,25000000.0,Property
472,472, Lord Heseltine and family ,276000000.0,5000000.0,Media
473,473, Max and Stephen Griggs ,276000000.0,12000000.0,Footwear
474,474, Amal and George Clooney ,275000000.0,5000000.0,"Drinks, Films and Law"
475,475, Ed and Catherine Wray ,275000000.0,12000000.0,Gambling
476,476, Paul and Johnny Caddick and family ,275000000.0,25000000.0,Construction and Rugby
477,477, Stuart Roden ,275000000.0,5000000.0,Hedge fund
478,478, Bill Robertson and family ,273000000.0,13000000.0,Construction
479,479, Tom Martin and family ,272000000.0,49000000.0,Property
480,480, Vernon and Shirley Hill ,272000000.0,35000000.0,Finance
481,481, Keith Richards ,270000000.0,10000000.0,Music
482,482, Mike Clare ,270000000.0,0,Bedding and Investment
483,483, Olivia and Dhani Harrison ,270000000.0,20000000.0,Inheritance
484,484," Richard, Desmond and Eleanor Maybury ",270000000.0,0,Travel
485,485, Sacha Mascolo-Tarbuck and Christian Mascolo and family ,270000000.0,5000000.0,Hairdressing
486,486, Steve Gibson ,270000000.0,60000000.0,Transport
487,487, The Walduck family ,270000000.0,20000000.0,Hotels
488,488, Sir Martin Sorrell ,269000000.0,99000000.0,Advertising
489,489, Edward Atkin and family ,267000000.0,0,Babycare products
490,490, James Vernon ,266000000.0,10000000.0,Hedge fund
491,491, Danny Sawrij ,265000000.0,25000000.0,Waste services
492,492, Sir Malcolm Walker and family ,265000000.0,0,Frozen food
493,493, Dai and Richard Walters ,264000000.0,24000000.0,Construction and Mining
494,494, Eva Hamren-Larsson ,263000000.0,43000000.0,Inheritance
495,495, James Watt ,262000000.0,0,Drinks
496,496, Tony Fernandes ,262000000.0,325000000.0,Aviation
497,497, Charles Wigoder and family ,260000000.0,24000000.0,Telecoms and Utilities
498,498, Mike Edge ,260000000.0,5000000.0,Finance
499,499, Niall Wall ,260000000.0,57000000.0,Packaging
500,500, Sir Ringo Starr ,260000000.0,20000000.0,Music
501,501, Bakir Cola and family ,259000000.0,9000000.0,Hotels
502,502," Bill, Tim and Polly Gredley and family ",259000000.0,18000000.0,Property and Horseracing
503,503, David Mabey and family ,259000000.0,28000000.0,Construction
504,504, Guy and Julia Hands ,259000000.0,6000000.0,Finance and Hotels
505,505, Steven Ferguson ,256000000.0,6000000.0,Oil services and Gas services
506,506, Joel and Danny Wyler ,255000000.0,13000000.0,Investment
507,507, Oliver Cookson ,254000000.0,52000000.0,Health supplements
508,508, Gordon Sanders and family ,253000000.0,3000000.0,Care homes
509,509, The Duke of Buccleuch and family ,253000000.0,23000000.0,Land and Art
510,510, Gary Widdowson ,251000000.0,10000000.0,Scrap metal and Property
511,511, David Blood ,250000000.0,100000000.0,Finance
512,512, Graeme and Yvonne Brooks ,250000000.0,0,Aviation
513,513, Michael Gooch and family ,250000000.0,0,Finance
514,514, Michael Gregory ,250000000.0,0,Engineering services
515,515, Paddy McKillen and family ,250000000.0,46000000.0,Property
516,516, Rodger Dudding ,250000000.0,0,Property
517,517, Viscount Astor and family ,250000000.0,8000000.0,Property and Retailing
518,518, Alex Langsam ,248000000.0,12000000.0,Hotels
519,519, John Apthorp and family ,248000000.0,7000000.0,Food and Wine
520,520, Steven Lamprell ,248000000.0,54000000.0,Oil services
521,521, Lord Brownlow ,247000000.0,7000000.0,Business services
522,522, Ted Fort ,245000000.0,5000000.0,Engineering
523,523, Sir Paul and Lady Smith ,242000000.0,8000000.0,Fashion
524,524, Paul Newey ,241000000.0,1000000.0,Finance
525,525, David Reiss and family ,240000000.0,0,Fashion
526,526, Duncan Sinclair and family ,238000000.0,5000000.0,Property
527,527, Mark Watkin Jones and family ,238000000.0,62000000.0,Construction
528,528, Pierre Lagrange ,237000000.0,2000000.0,Hedge fund and Fashion
529,529, David and Heather Stevens ,236000000.0,24000000.0,Insurance
530,530, Hugh Osmond ,232000000.0,46000000.0,Hospitality and Insurance
531,531, Sir John Ritblat and family ,232000000.0,2000000.0,Property
532,532, Sir Stanley and Peter Thomas ,231000000.0,3000000.0,"Food, Property and Transport"
533,533, Malcolm Walker and family ,230000000.0,8000000.0,Plumbing and Internet retailing
534,534, Martin Mills ,230000000.0,72000000.0,Music
535,535, Neil Taylor and family ,230000000.0,0,"Games, Investment and Property"
536,536, Victor Chandler ,230000000.0,0,Gambling
537,537, Martin Dickie ,228000000.0,0,Drinks
538,538, The Duke of Richmond and Gordon and family ,228000000.0,2000000.0,Land and Art
539,539, The Slowe family ,228000000.0,1000000.0,Property
540,540, Alan Tribe ,225000000.0,0,Retailing
541,541, Nicolas Walewski ,225000000.0,10000000.0,Hedge fund
542,542, Sebastian Knutsson ,225000000.0,5000000.0,Games
543,543, Stuart Powers ,225000000.0,65000000.0,Hedge fund
544,544, Vipul Thakrar and family ,225000000.0,11000000.0,Food
545,545, Joe Hemani ,224000000.0,37000000.0,Business services
546,546, Lewis Hamilton ,224000000.0,37000000.0,Motor racing
547,547, Viscount Cowdray and the Pearson family ,224000000.0,16000000.0,Media and Land
548,548, Gareth Williams ,223000000.0,0,Internet
549,549, Nigel Piercey and family ,223000000.0,8000000.0,Medical supplies
550,550, Noel Hayden ,223000000.0,7000000.0,Gambling
551,551, Chris Levett ,222000000.0,3000000.0,Hedge fund
552,552, Eric Herd and family ,222000000.0,1000000.0,Frozen food
553,553, Keith Black and family ,222000000.0,18000000.0,Clothing and Fashion
554,554, Robert Senior ,221000000.0,26000000.0,Business services
555,555, David Babai ,220000000.0,0,Travel
556,556, Lord Alli ,220000000.0,8000000.0,Media and Fashion
557,557, Mark Steinberg ,220000000.0,10000000.0,Property
558,558, Roger Guy ,220000000.0,0,Finance
559,559, Sir Ronald Cohen and Sharon Harel ,220000000.0,0,Finance and Films
560,560, Terence Cole ,220000000.0,10000000.0,Property
561,561, Tom O'Brien and family ,220000000.0,20000000.0,Construction
562,562, Rory Sweet ,219000000.0,1000000.0,Computers
563,563, Sanjay Vadera and family ,219000000.0,38000000.0,Perfume
564,564, Moni Varma ,218000000.0,0,Food
565,565, Alexander Marr and family ,217000000.0,6000000.0,Fisheries
566,566, Graham Peacock ,217000000.0,12000000.0,Fuel distribution
567,567, Norman Springford and family ,216000000.0,12000000.0,Hotels
568,568, Julian Metcalfe ,215000000.0,0,Sandwiches and Restaurants
569,569, Kirti Patel and family ,215000000.0,50000000.0,Pharmaceuticals
570,570, Peter FitzGerald and family ,215000000.0,10000000.0,Pharmaceuticals
571,571, The Marquess of Bath ,215000000.0,0,Land and Art
572,572, Rod and Sheila Flavell ,214000000.0,17000000.0,Business services
573,573, Eoin McCann and family ,213000000.0,1000000.0,Construction
574,574, Loïc Féry ,213000000.0,3000000.0,Hedge fund
575,575, William Lloyd and family ,213000000.0,10000000.0,Animal feed and Poultry
576,576, Chai Patel ,212000000.0,58000000.0,Healthcare
577,577, Assem Allam and family ,210000000.0,0,Generators
578,578, Catherine Zeta-Jones and Michael Douglas ,210000000.0,0,Films
579,579, Koolesh Shah and family ,210000000.0,18000000.0,Hotels
580,580, Martin Ainscough and family ,210000000.0,0,Construction equipment
581,581, Richard Beattie ,210000000.0,0,Loyalty cards and Yachts
582,582, Heinrich Feldman and family ,209000000.0,0,Property
583,583, Anwar and Yakub Patel ,208000000.0,10000000.0,Pharmacies
584,584, Keith Bradshaw and family ,208000000.0,11000000.0,Car sales and Care homes
585,585, Sir Chris Evans ,208000000.0,0,Biotechnology
586,586, Stephen and Paul Harrison ,208000000.0,41000000.0,Construction
587,587, Susan Tobbell ,208000000.0,8000000.0,Fuel distribution
588,588, Edward McAlpine and family ,207000000.0,5000000.0,Construction
589,589, David Roberts and family ,206000000.0,9000000.0,Property and Art
590,590, Frank Hester ,206000000.0,46000000.0,Software
591,591, Michael Flatley ,206000000.0,2000000.0,Entertainment
592,592, Sir Colin Giltrap ,206000000.0,3000000.0,Car sales
593,593, Gavyn Davies and Baroness Susan Nye ,205000000.0,0,Finance
594,594, Lord Archer ,205000000.0,5000000.0,Novels
595,595, Mayank Patel ,205000000.0,0,Foreign exchange
596,596, Sir Jonathan Ive ,205000000.0,13000000.0,Computers
597,597, Sir Peter Harrison and family ,205000000.0,0,Computers
598,598, William de Winton ,205000000.0,0,Hedge fund
599,599, Robert Jelley and family ,204000000.0,12000000.0,Construction
600,600, Sir John Mactaggart and family ,203000000.0,3000000.0,Property
601,601, Elisabeth Salina Amorini ,202000000.0,2000000.0,Business services
602,602, Leonard Russell and family ,202000000.0,50000000.0,Spirits and Brewing
603,603, Nick Rodwell and Fanny Vlamynck ,202000000.0,2000000.0,Books
604,604, Peter Gadsby ,202000000.0,0,Construction
605,605, Sir Michael Bibby and family ,202000000.0,18000000.0,Shipping and Finance
606,606, Andrew and Linda Leaver ,201000000.0,10000000.0,Pharmaceuticals
607,607, Jeremy Isaacs ,201000000.0,1000000.0,Commodities
608,608, Penny Streeter and family ,201000000.0,7000000.0,Recruitment
609,609, Robin Clark and family ,201000000.0,6000000.0,Property
610,610, Adam Norris ,200000000.0,48000000.0,Finance
611,611, Alan Wells and family ,200000000.0,0,Opticians
612,612, Arthur Landon ,200000000.0,0,Inheritance
613,613, Chris Rea ,200000000.0,50000000.0,Engineering
614,614, Dame Janet de Botton and family ,200000000.0,0,Art and Inheritance
615,615, David Crossland and family ,200000000.0,0,Travel and Investment
616,616, Ed Sheeran ,200000000.0,40000000.0,Music
617,617, Ewan Kirk ,200000000.0,5000000.0,Hedge fund
618,618, Gabriella di Nora and the Gosling family ,200000000.0,221000000.0,Inheritance
619,619, Geoffrey Kent ,200000000.0,0,Travel
620,620, Hugh Willis ,200000000.0,0,Hedge fund
621,621, Iqbal Ahmed and family ,200000000.0,13000000.0,Food
622,622, Jonathan Reeves ,200000000.0,0,Computers
623,623, Michael and Chris Miller ,200000000.0,20000000.0,Property and Industry
624,624, Noel and Valerie Moran ,200000000.0,78000000.0,Finance
625,625, Ratheesan Yoganathan ,200000000.0,0,Telecoms
626,626, Simon Dolan ,200000000.0,58000000.0,Business services
627,627, Sir Rod Stewart ,200000000.0,10000000.0,Music
628,628, Steven Blakey ,200000000.0,0,Finance
629,629, Sting ,200000000.0,0,Music
630,630, Trifon Natsis ,200000000.0,15000000.0,Hedge fund
631,631, Mark Neale ,199000000.0,21000000.0,Clothing
632,632, Roger Wickens and family ,199000000.0,25000000.0,Property
633,633, Barrie Haigh ,198000000.0,1000000.0,Pharmaceuticals and Farming
634,634, Lord Glendonbrook ,198000000.0,2000000.0,Aviation
635,635, Michele Harriman-Smith and George Smith and family ,198000000.0,9000000.0,Internet retailing
636,636, Dave Whelan and family ,197000000.0,13000000.0,Football and Sports equipment
637,637, Nik and Monisha Kotecha and family ,197000000.0,7000000.0,Pharmaceuticals
638,638, Angus Ball ,196000000.0,1000000.0,Insurance
639,639,Debbie Bestwick ,196000000.0,New,Games
640,640, Andrew Staley ,195000000.0,40000000.0,Finance
641,641, Douglas Woolf and family ,195000000.0,24000000.0,Property
642,642, Julie Conlon and family ,195000000.0,11000000.0,Business services and Inheritance
643,643, Michael Sherwood ,195000000.0,0,Finance
644,644, Nigel Blackwell and family ,195000000.0,0,Books
645,645," Anthony, Patrick, Thomas and Liam Smyth ",194000000.0,10000000.0,Retailing
646,646, Neil Utley ,194000000.0,6000000.0,Insurance
647,647, Phil Cronin and family ,194000000.0,4000000.0,Bingo
648,648, Sir Martin Laing and family ,194000000.0,7000000.0,Property and Construction
649,649, Peter Horton and family ,193000000.0,14000000.0,Property
650,650,Richard Dick and family ,193000000.0,New,Property
651,651, Anders Hedlund and family ,192000000.0,9000000.0,Stationery and Property
652,652, George and Daphne Burnett ,192000000.0,6000000.0,Construction equipment
653,653, The Goodliffe family ,191000000.0,19000000.0,Business services
654,654, Alan Murphy ,190000000.0,0,Paper products and Property
655,655, Brian May ,190000000.0,30000000.0,Music
656,656, Ged Mason ,190000000.0,20000000.0,Recruitment
657,657, Irving Weaver ,190000000.0,10000000.0,Construction
658,658, John King ,190000000.0,0,Pharmaceuticals
659,659, Roger Waters ,190000000.0,0,Music
660,660, Sir John Timpson and family ,190000000.0,20000000.0,Shoe repairs and Key-cutting
661,661, Tim Mead and family ,190000000.0,40000000.0,Food
662,662, Martin George and family ,189000000.0,9000000.0,Food
663,663, Amin Tejani and family ,188000000.0,15000000.0,Paper products
664,664, Roger and Giles Bracewell ,188000000.0,17000000.0,Pet food
665,665, The Duke of Marlborough ,188000000.0,0,Land and Art
666,666, Dominic Silvester ,187000000.0,90000000.0,Insurance
667,667, Andrew Goodsell ,186000000.0,7000000.0,Insurance and Travel
668,668, Anthony Preston and family ,186000000.0,14000000.0,Pet shops
669,669, James Hook and family ,186000000.0,13000000.0,Poultry
670,670, David and Lucy Wernick and family ,185000000.0,20000000.0,Construction and Fashion
671,671, Derek Coates ,185000000.0,5000000.0,Vitamins and Aviation
672,672, George Robinson ,185000000.0,0,Hedge fund
673,673, Robbie Williams ,185000000.0,10000000.0,Music
674,674, Antony and Richard Joseph ,184000000.0,56000000.0,Household goods
675,675, Jon Moulton ,184000000.0,1000000.0,Finance
676,676, Michael Wright and family ,184000000.0,2000000.0,Travel
677,677, William and Thomas Gatacre ,184000000.0,4000000.0,Retailing
678,678, Douglas and Iain Anderson ,183000000.0,23000000.0,Plant hire
679,679, Jeremy Peace ,183000000.0,1000000.0,Football
680,680, Charles Davies ,182000000.0,0,Finance
681,681, David Braben and Wendy Irvin-Braben ,182000000.0,50000000.0,Games
682,682, Julian Dunkerton ,182000000.0,19000000.0,Fashion
683,683, Michael and Chester Hunt and family ,182000000.0,3000000.0,Car sales and Property
684,684, David McMullen and family ,181000000.0,8000000.0,Brewing
685,685, Ben and Jos White ,180000000.0,10000000.0,Technology
686,686, Calvin Harris ,180000000.0,15000000.0,Music
687,687, Hugh Sloane ,180000000.0,0,Hedge fund
688,688, Jack and Jim Dobson ,180000000.0,40000000.0,Meat
689,689, Julie Heselden and family ,180000000.0,0,Defence equipment
690,690, Nigel Morris ,180000000.0,0,Finance
691,691, Richard Griffiths ,180000000.0,60000000.0,Finance
692,692, Sir Euan Anstruther-Gough-Calthorpe and family ,180000000.0,1000000.0,Property
693,693, Stephen and Peter Bond ,180000000.0,0,Aviation
694,694,Lee Wade and family ,179000000.0,New,Technology
695,695, Brian Scowcroft and Janet Lefton ,178000000.0,13000000.0,Insurance and Property
696,696, Gerald and Michael Coates and family ,178000000.0,41000000.0,Logistics
697,697, Tarsem Dhaliwal ,178000000.0,0,Frozen food
698,698, Andrew Thorpe and family ,177000000.0,15000000.0,Lighting
699,699, Kishore Lulla and family ,177000000.0,43000000.0,Media
700,700, Bruce Mickel and family ,176000000.0,9000000.0,Construction
701,701, John Stone ,176000000.0,4000000.0,Finance
702,702, Sir Philip Naylor-Leyland ,176000000.0,0,Land and Art
703,703, Andrew Thirkill ,175000000.0,8000000.0,Finance and Media
704,704, Eric Clapton ,175000000.0,0,Music and Art
705,705, Lord Foster ,175000000.0,5000000.0,Architecture
706,706, Robert Worsley ,175000000.0,0,Land
707,707, Stephen Zinser ,175000000.0,0,Finance
708,708, Derek Keys ,174000000.0,41000000.0,Auctions
709,709, Douglas Park and family ,173000000.0,2000000.0,Transport and Car sales
710,710, John Carey and family ,173000000.0,8000000.0,Construction
711,711, Keith Morris ,173000000.0,0,Insurance
712,712, Mark Hunter ,172000000.0,12000000.0,Software
713,713, Robert Carter and family ,172000000.0,3000000.0,Construction
714,714, Sir Peter Vardy and family ,172000000.0,15000000.0,Car sales
715,715, Stuart Dawson and family ,172000000.0,7000000.0,Property
716,716, Charles Montanaro and family ,171000000.0,8000000.0,Finance
717,717, Joe Walker and family ,171000000.0,1000000.0,Biscuits
718,718, Michael MacDonald ,171000000.0,1000000.0,Engineering
719,719, Simon Clarke and the Leavesley family ,171000000.0,23000000.0,Property
720,720, Stephen Cameron and family ,171000000.0,41000000.0,Pharmaceuticals
721,721, The Dhamecha family ,171000000.0,11000000.0,Cash and carry and Property
722,722, Andrew Vincent ,170000000.0,10000000.0,Software
723,723, Christopher Nolan and Emma Thomas ,170000000.0,10000000.0,Films
724,724, Cormac and Patrick Byrne ,170000000.0,0,Construction
725,725, John Cotton and family ,170000000.0,12000000.0,Bedding
726,726, Matthew Freud ,170000000.0,10000000.0,Media
727,727, Michael Cannon ,170000000.0,0,Hospitality and Food
728,728, Michael Freeman ,170000000.0,11000000.0,Energy services
729,729, Michael Loughran and family ,170000000.0,10000000.0,Fuel distribution
730,730, Nick Dhandsa and family ,170000000.0,0,Care homes
731,731, Roger Taylor ,170000000.0,15000000.0,Music
732,732, Rory McIlroy ,170000000.0,32000000.0,Golf
733,733, Sir Graham Wylie ,170000000.0,0,Software
734,734, Sir Tom Jones ,170000000.0,5000000.0,Music
735,735, Stuart Monk and family ,170000000.0,11000000.0,Property
736,736, George and Neil Morgan and family ,169000000.0,19000000.0,Electronics and Property
737,737, Jonathan and Lesley Wild and family ,169000000.0,3000000.0,Tea and Coffee
738,738, Guy Johnson ,168000000.0,2000000.0,Mobile phones
739,739, Robert Tait and family ,168000000.0,8000000.0,Fishing
740,740, Alan Jackson ,167000000.0,5000000.0,Mobile phones
741,741, Jonathan Green ,167000000.0,0,Hedge fund
742,742, Philip and Donna Berber ,166000000.0,0,Day trading
743,743, Andrew Colin ,165000000.0,30000000.0,Education
744,744, Charlie Watts ,165000000.0,10000000.0,Music
745,745, Harry Dobson ,165000000.0,1000000.0,Mining and Football
746,746, Lee Biggins ,165000000.0,15000000.0,Internet
747,747, Lord Verjee ,165000000.0,0,Finance and Retailing
748,748, Mark Hillery ,165000000.0,20000000.0,Hedge fund
749,749, Noel and Mary Sweeney ,165000000.0,41000000.0,Construction
750,750, Patrick Flannery and family ,165000000.0,36000000.0,Plant hire
751,751, Keith Dawe ,164000000.0,17000000.0,Recruitment
752,752, Tony and Barbara Laithwaite ,164000000.0,1000000.0,Wine
753,753, Jeremy Hitchins and family ,163000000.0,11000000.0,Construction
754,754, Paul Rooney ,163000000.0,17000000.0,Estate agency
755,755, Peter Stephens ,163000000.0,9000000.0,Travel and Conferences
756,756, Raj Sehgal and Sanjeev Mehan and family ,163000000.0,0,Fashion and Property
757,757, Barbara Taylor Bradford ,162000000.0,2000000.0,Novels
758,758, Demi Chervak and family ,162000000.0,10000000.0,Property
759,759, Andrew Black ,161000000.0,1000000.0,Gambling
760,760, Paul Murphy and family ,161000000.0,41000000.0,Scrap metal
761,761, Philip Doye and family ,161000000.0,1000000.0,Business services
762,762, Sir Keith Mills ,161000000.0,1000000.0,Loyalty cards
763,763, Crohan O'Shea and family ,160000000.0,0,Construction
764,764, Lord Fink ,160000000.0,0,Hedge fund and Hotels
765,765, Nicolas and Jonathan Norton and family ,160000000.0,20000000.0,Jewellery and Antiques
766,766, Norman Grundon and family ,160000000.0,15000000.0,Waste services
767,767, Richard Russell ,160000000.0,25000000.0,Music
768,768, Simon Karimzadeh and family ,160000000.0,0,Property
769,769, Walter Scott ,160000000.0,1000000.0,Finance
770,770, Chris Marshall and family ,159000000.0,10000000.0,Property
771,771, Jonathan Ruffer ,159000000.0,8000000.0,Finance
772,772, Michael Dwan ,159000000.0,4000000.0,Finance
773,773, Raj Manak ,159000000.0,22000000.0,Construction
774,774, Aaron and Tania Hillman and family ,158000000.0,19000000.0,Spirits
775,775, Barry Hearn and family ,158000000.0,10000000.0,Sports promotion
776,776, Duncan Cameron ,158000000.0,1000000.0,Internet
777,777, Michael Cowan and family ,158000000.0,5000000.0,Finance
778,778, Michael Modiano and family ,158000000.0,45000000.0,Textiles
779,779, The Marquess of Bute ,158000000.0,10000000.0,Land and Art
780,780, Christopher Maughan ,157000000.0,25000000.0,Clothing
781,781, Sir Peter Michael ,157000000.0,5000000.0,Electronics and Investment
782,782, Tommy Dreelan and family ,157000000.0,1000000.0,Oil services
783,783, Brian and Alan Stannah and family ,156000000.0,1000000.0,Lifts
784,784,Jason Gissing ,156000000.0,New,Internet retailing
785,785,Jonathan Turner ,156000000.0,New,Fuel distribution and Hospitality
786,786, Mark Sheppard and family ,156000000.0,19000000.0,Financial services
787,787, Simon and Yu-Lin Wilson ,156000000.0,6000000.0,Games
788,788, Brendan Kerr and family ,155000000.0,3000000.0,Demolition and Construction
789,789, Michael Kent ,155000000.0,15000000.0,Eggs
790,790, Peter Dean and family ,155000000.0,15000000.0,Eggs
791,791, Sir Tim Rice ,155000000.0,2000000.0,Music
792,792, The Simpson family ,155000000.0,5000000.0,Property
793,793, Alan McIntosh ,153000000.0,22000000.0,Finance
794,794, Darren Ridge ,153000000.0,7000000.0,Telecoms
795,795, Harry Banks and family ,153000000.0,22000000.0,Mining
796,796, Michael Chambers ,153000000.0,0,Publishing
797,797, Sir Robert Ogden ,153000000.0,1000000.0,Property
798,798, Tom Cross and family ,153000000.0,1000000.0,"Oil, Gas and Property"
799,799, Brenda Salters and family ,152000000.0,2000000.0,Food and Drink distribution
800,800, Joe Sloan and family ,152000000.0,2000000.0,Food and Drink distribution
801,801,Seamus and Daniella Shields ,152000000.0,New,Construction
802,802, John Berkley and family ,151000000.0,1000000.0,Mobile homes and Property
803,803, Peter Dubens ,151000000.0,31000000.0,Internet and Finance
804,804, Rupert Hambro and family ,151000000.0,1000000.0,Finance
805,805, Adele ,150000000.0,0,Music
806,806, Angela Yeoman and family ,150000000.0,0,Aggregates
807,807, Chris van der Kuyl ,150000000.0,0,Games
808,808, Con Folkes and family ,150000000.0,29000000.0,Property
809,809, David Pyott ,150000000.0,0,Pharmaceuticals
810,810, Fred Story and family ,150000000.0,24000000.0,Construction
811,811, Hermann Hauser ,150000000.0,0,Finance
812,812, Irina Malandina ,150000000.0,0,Divorce
813,813, Jake Shafran ,150000000.0,30000000.0,Business services
814,814, Jeremy Woolridge and family ,150000000.0,0,Metals
815,815, John Frieda ,150000000.0,0,Hairdressing
816,816, John Griffin and family ,150000000.0,0,Transport
817,817, John Morphet ,150000000.0,5000000.0,Caravan parks and Leisure
818,818, Jonathan Thornton and family ,150000000.0,0,Pharmaceuticals
819,819, Kirit and Meena Pathak ,150000000.0,0,Food
820,820, Ozzy and Sharon Osbourne ,150000000.0,0,Music and Television
821,821, Paddy Burns ,150000000.0,0,Games
822,822, Rashid and Aziz Tayub and family ,150000000.0,86000000.0,Discount stores and Property
823,823,Stuart and Jonathan Seddon ,150000000.0,New,Construction and Property
824,824, The Duke of Beaufort ,150000000.0,0,Land and Art
825,825, Chris and Gael Morling ,149000000.0,0,Internet
826,826, Edelin Davis and family ,149000000.0,13000000.0,Construction
827,827,Harold Martin and family ,149000000.0,New,Business services
828,828, Julian and David Schild ,149000000.0,1000000.0,Medical supplies
829,829, Lochlann Quinn and family ,149000000.0,1000000.0,Electrical goods
830,830, The Earl of Pembroke ,149000000.0,0,Land and Art
831,831, Alex Pusco ,148000000.0,3000000.0,Financial services
832,832, Amanda and Benzie Walker and family ,148000000.0,4000000.0,Timber
833,833, Jeremy Pilkington and family ,148000000.0,72000000.0,Equipment hire
834,834, John Denholm and family ,148000000.0,25000000.0,Shipping
835,835, Nick Jones and Kirsty Young ,147000000.0,3000000.0,Hospitality and Media
836,836, Tony Bramall and family ,147000000.0,49000000.0,Car sales
837,837, Gordon and Alan Turner ,146000000.0,4000000.0,Industry
838,838, Jonathan Little and family ,146000000.0,4000000.0,Books
839,839, The Duke of Rutland ,146000000.0,1000000.0,Land and Art
840,840, Daryl Foster ,145000000.0,5000000.0,Transport
841,841, Guy Harwood and family ,145000000.0,5000000.0,Car sales and Horseracing
842,842, Ian Read ,145000000.0,20000000.0,Pharmaceuticals
843,843, Jim Clarke and family ,145000000.0,4000000.0,Energy
844,844, Michael Walker and family ,145000000.0,3000000.0,Flooring
845,845, Trevor Fenwick ,145000000.0,17000000.0,Business services
846,846, Christopher Duncan ,144000000.0,20000000.0,Household goods
847,847,The Bailey family ,144000000.0,New,Engineering
848,848, Tony Westley and family ,144000000.0,21000000.0,Aviation
849,849, Dame Natalie Massenet ,143000000.0,7000000.0,Fashion
850,850, John and Stephen Rosefield ,143000000.0,13000000.0,Property
851,851, Bonamy Grimes and family ,142000000.0,0,Internet
852,852, Bryan Glastonbury and family ,142000000.0,1000000.0,Engineering services
853,853, Duncan Davidson and family ,142000000.0,7000000.0,Construction
854,854, John Marston and family ,142000000.0,3000000.0,Property and Hotels
855,855, Rodney Cross and family ,142000000.0,8000000.0,Industry
856,856, Simon Moran ,142000000.0,15000000.0,Music
857,857, Richard Parsons ,141000000.0,20000000.0,Revision guides
858,858, Anthony Todd ,140000000.0,10000000.0,Hedge fund
859,859,Daren Whitaker ,140000000.0,New,Construction
860,860, Grahame Chilton ,140000000.0,10000000.0,Insurance
861,861, John Deacon ,140000000.0,10000000.0,Music
862,862, Judith and Fergus Wilson ,140000000.0,0,Property
863,863, Lord Farmer ,140000000.0,0,Hedge fund
864,864, Phil Collins ,140000000.0,10000000.0,Music
865,865, Richard Gnodde ,140000000.0,0,Finance
866,866, Rupert Martin ,140000000.0,7000000.0,Lighting
867,867, Stelio Stefanou ,140000000.0,0,Business services
868,868, The Urquhart family ,140000000.0,15000000.0,Clothing and Drinks
869,869,Tom Blomfield ,140000000.0,New,Financial services
870,870, Alexander Buchan and family ,139000000.0,1000000.0,Fishing and Transport
871,871,Andi and Andy Lothian ,139000000.0,New,Business services
872,872, Philip Noble and family ,139000000.0,1000000.0,Leisure and Property
873,873,Ben Francis ,138000000.0,New,Sportswear
874,874, Paul Rowley ,138000000.0,8000000.0,Construction
875,875,The Muirhead and Lang families ,138000000.0,New,Industry
876,876, Anthony Woodhouse and family ,137000000.0,3000000.0,Hospitality and Brewing
877,877, John Roberts ,137000000.0,73000000.0,Internet retailing
878,878, Jonathan Mould and family ,137000000.0,1000000.0,Furniture
879,879, Peter Simon and family ,137000000.0,250000000.0,Fashion
880,880, Richard Higham ,137000000.0,1000000.0,Oil and Gas services
881,881, Sir Alan Parker ,137000000.0,1000000.0,Media
882,882, Sir Anish Kapoor ,137000000.0,2000000.0,Art
883,883, Sir Clive Cowdery ,137000000.0,0,Insurance
884,884,Wayne Godfrey and family ,137000000.0,New,Food
885,885, William Hughes ,137000000.0,10000000.0,Care homes
886,886,Brian McConville and family ,136000000.0,New,Business services
887,887, Mary Theresa Barry ,136000000.0,0,Finance
888,888, Simon and Paul Upward ,136000000.0,15000000.0,Property
889,889, Wilf Corrigan ,136000000.0,1000000.0,Computers
890,890," Amanda, Susan and Lis Birrane and family ",135000000.0,7000000.0,Motor racing and Property
891,891, Angus Thirlwell ,135000000.0,13000000.0,Food
892,892, Aran and Arvan Handa and family ,135000000.0,5000000.0,Hotels and Care homes
893,893, Bill Brett and family ,135000000.0,20000000.0,Quarrying
894,894, Daniel Craig and Rachel Weisz ,135000000.0,7000000.0,Films
895,895, Jamie Boot and family ,135000000.0,27000000.0,Property
896,896, Jan Colam and family ,135000000.0,10000000.0,Fishing
897,897, Lady Nina Bracewell-Smith and family ,135000000.0,0,Football and Hotels
898,898, Peter Harris ,135000000.0,13000000.0,Food
899,899, Sir Rod Aldridge ,135000000.0,0,Business services
900,900, Anton Bilton and family ,134000000.0,8000000.0,Property
901,901, Gary Dutton ,134000000.0,0,Windows and Conservatories
902,902,Mark and Rhianon Bailey ,134000000.0,New,Car sales
903,903, Paul Lukic and family ,134000000.0,10000000.0,Recruitment
904,904, Surinder Kandola ,134000000.0,1000000.0,Food
905,905, The Duke of Roxburghe ,134000000.0,2000000.0,Land
906,906, Jack Morris and family ,133000000.0,1000000.0,Property
907,907, John Elkington ,133000000.0,4000000.0,Property
908,908, Nandlal and Deep Valecha ,133000000.0,7000000.0,Gas services
909,909,Stuart Moore ,133000000.0,New,Building supplies
910,910, William Asprey and family ,133000000.0,9000000.0,Guns and Jewellery
911,911, E L James ,132000000.0,5000000.0,Novels
912,912, George Meyrick ,132000000.0,3000000.0,Land and Property
913,913, Kevin Wheatcroft ,132000000.0,10000000.0,Motor sport and Property
914,914, Michael Graham and family ,132000000.0,22000000.0,Construction
915,915, Chris Watson and family ,131000000.0,2000000.0,Cycling
916,916, David and Lesley Jackson ,131000000.0,5000000.0,Business services
917,917, David Kahn and family ,131000000.0,4000000.0,Flooring
918,918, Gene Willson ,131000000.0,4000000.0,Aviation
919,919, Hamish Ogston ,131000000.0,21000000.0,Business services
920,920, Lord and Charles Saatchi ,131000000.0,15000000.0,Advertising and Art
921,921, Michael O'Hara and family ,131000000.0,1000000.0,Construction
922,922,Tony Kleanthous ,131000000.0,New,Football and Property
923,923, Brian Morrisroe ,130000000.0,5000000.0,Construction
924,924, David and Richard Knight ,130000000.0,7000000.0,Business services
925,925,David Beech ,130000000.0,New,Law
926,926,David Henderson ,130000000.0,New,Building supplies
927,927, Duncan Fletcher and family ,130000000.0,3000000.0,Construction
928,928, John and Peter Shropshire ,130000000.0,3000000.0,Food and Farming
929,929, Julian and Marc Worth ,130000000.0,0,Internet and Fashion
930,930, Kaveh Alamouti ,130000000.0,0,Hedge fund
931,931,Lawrence Tomlinson ,130000000.0,New,Care homes and Industry
932,932,Mike Burton and family ,130000000.0,New,Engineering
933,933,Mustafa and Fatma Kiamil ,130000000.0,New,Food
934,934, Nemir Kirdar ,130000000.0,0,Finance
935,935, Niels Stolt-Nielsen ,130000000.0,42000000.0,Shipping and Fisheries
936,936, Richard Benyon and family ,130000000.0,0,Land
937,937, Roger Ames ,130000000.0,0,Music
938,938,Tony Deep Wouhra and family ,130000000.0,New,Food
939,939,"Derek, Ryan and Ross Bawn and family ",128000000.0,New,Property
940,940, Martin Lewis ,128000000.0,0,Internet and Media
941,941, Max Smith-Hilliard ,128000000.0,0,Meat
942,942, Michael Conway and family ,128000000.0,18000000.0,Construction
943,943, Stuart Dalziel and family ,128000000.0,0,Food
944,944, Jimmy Page ,127000000.0,2000000.0,Music
945,945, Nicholas and Michael Wainwright and family ,127000000.0,7000000.0,Jewellery
946,946, Roger Bromley and family ,127000000.0,88000000.0,Footwear
947,947, Sir Damon Buffini ,127000000.0,1000000.0,Finance
948,948,Sukhinder and Rajbir Singh ,127000000.0,New,Spirits
949,949, Michael and Mona Masterson and family ,126000000.0,6000000.0,Construction
950,950, Michael Yarrow and family ,126000000.0,5000000.0,Pharmaceuticals
951,951, Nick Grey and family ,126000000.0,28000000.0,Technology
952,952, Sir Tom Farmer ,126000000.0,0,Car parts and Property
953,953, The Baylis family ,126000000.0,0,Property
954,954, Warren Haskins and family ,126000000.0,5000000.0,Garden centres and Retailing
955,955, Bill Archer ,125000000.0,0,DIY
956,956, Bruce Robertson and family ,125000000.0,4000000.0,Discount stores
957,957,Danny Durkan and family ,125000000.0,New,Construction
958,958,David Attwood and family ,125000000.0,New,Timber
959,959, Earl Spencer ,125000000.0,0,Land and Art
960,960, Elliott Bernerd ,125000000.0,5000000.0,Property
961,961,Firoz Tejani and family ,125000000.0,New,Foreign exchange
962,962, Hitesh and Dilesh Mehta ,125000000.0,1000000.0,Perfume
963,963, John Harry and family ,125000000.0,25000000.0,Scrap metal
964,964, Mads Gensmann ,125000000.0,0,Hedge fund
965,965, Mark and Tom Wakeford and family ,125000000.0,0,Construction
966,966, Mark Poole ,125000000.0,0,Hedge fund
967,967,Mark Pullan and family ,125000000.0,New,Construction
968,968, Martin Bell and family ,125000000.0,29000000.0,Business services
969,969,Martin Dawes and family ,125000000.0,New,Telecoms and Software
970,970, The Earl of Rosebery ,125000000.0,5000000.0,Land and Art
971,971, Harold Montgomery and family ,124000000.0,4000000.0,Transport
972,972, Adam and Jason Fuller and family ,123000000.0,3000000.0,Food
973,973, Carol Kane ,123000000.0,18000000.0,Fashion
974,974, David Hutchinson and family ,123000000.0,0,Chemicals
975,975, Tim Warrillow ,123000000.0,82000000.0,Drinks
976,976,Andrew Killingsworth ,122000000.0,New,Fashion
977,977,Damian Heron and family ,122000000.0,New,Construction
978,978, Gary and Catherine Grant ,122000000.0,2000000.0,Retailing
979,979,Peter Boyle and Ciara Denvir ,122000000.0,New,Jewellery
980,980, Lord and Lady Popat and family ,121000000.0,0,Care homes and Hotels
981,981,Tom and Stephen Martin and family ,121000000.0,New,Safety equipment
982,982, Andrew Page and family ,120000000.0,0,Car parts
983,983, Barry and Emma-Jane Rubery ,120000000.0,0,Electronics
984,984, Brendan O'Malley and family ,120000000.0,25000000.0,Construction
985,985, Cesar Mascaraque ,120000000.0,0,Internet
986,986, Chris and Chris Edwards ,120000000.0,0,Discount stores
987,987, Colin Mustoe and family ,120000000.0,3000000.0,Office equipment
988,988, David and Betty Carr ,120000000.0,4000000.0,Car sales
989,989, Jo Bradwell ,120000000.0,0,Pharmaceuticals
990,990, John Bigwood and family ,120000000.0,0,Food
991,991,Lord and Lady Nash ,120000000.0,New,Software
992,992, Nitin Sodha and family ,120000000.0,14000000.0,Pharmaceuticals
993,993,Paul Rippon ,120000000.0,New,Financial services
994,994,Philip Burgan ,120000000.0,New,Pharmacies and Care homes
995,995,Roderick Jack ,120000000.0,New,Finance
996,996, Sir Henry Angest ,120000000.0,70000000.0,Finance
997,997, Terry Lister and family ,120000000.0,9000000.0,Car sales
998,998, The Earl of Stockton and the Macmillan family ,120000000.0,0,Publishing
999,999, Tony Travis and family ,120000000.0,5000000.0,Building supplies
1000,1000,Woon Wing Yip and family ,120000000.0,New,Cash and carry
